EmployeeKey,EmployeeID,EmployeeName,JobTitle,ManagerID,City,Country
1,1,Nancy Davolio,Sales Representative,8,New York,USA
2,2,Andrew Fuller,Vice President Sales,NULL,New York,USA
3,3,Janet Leverling,Sales Representative,8,New York,USA
4,4,Margaret Peacock,Sales Representative,8,New York,USA
5,5,Steven Buchanan,Sales Manager,2,London,UK
6,6,Michael Suyama,Sales Representative,5,London,UK
7,7,Robert King,Sales Representative,5,London,UK
8,8,Laura Callahan,Sales Manager,2,New York,USA
9,9,Anne Dodsworth,Sales Representative,5,London,UK
